Sum of Sales,City
8262203.910000015, San Francisco
5452570.800000007, Los Angeles
4664317.430000007, New York City
3661642.0100000002, Boston
2795498.5799999996, Atlanta
2767975.3999999994, Dallas
2747755.48, Seattle
2320490.609999999, Portland
1819581.7499999993, Austin
